h,error_m,hit@200
h1,387.56951904296875,0.5250265213617513
h3,695.6753540039062,0.39945992863342655
h5,1034.6790771484375,0.359918989295014
h10,1850.9493408203125,0.32114958048027775
